﻿<?xml version="1.0" encoding="utf-8" ?>
<Buildings>


  <ThingDef Name="IzzyssentialsLights" Abstract="True">
    <category>Building</category>
    <thingClass>Building</thingClass>
    <soundImpactDefault>BulletImpactMetal</soundImpactDefault>
    <selectable>true</selectable>
    <drawerType>MapMeshAndRealTime</drawerType>
    <terrainAffordanceNeeded>Light</terrainAffordanceNeeded>
    <repairEffect>Repair</repairEffect>
    <leaveResourcesWhenKilled>true</leaveResourcesWhenKilled>
    <filthLeaving>BuildingRubble</filthLeaving>
  </ThingDef>


  <!-- ======================== Lighting ======================= -->



  <ThingDef Abstract="True" Name="IzzyssentialsLampsBase" ParentName="IzzyssentialsLights">
    <thingClass>Izzyssentials.Building_Glow</thingClass>
    <category>Building</category>
    <minifiedDef>MinifiedFurniture</minifiedDef>
    <altitudeLayer>Building</altitudeLayer>
    <passability>PassThroughOnly</passability>
    <selectable>true</selectable>
    <fillPercent>0.20</fillPercent>

    <costStuffCount>5</costStuffCount>
    <CostList>
      <Steel>10</Steel>
    </CostList>
    <stuffCategories>
      <li>Metallic</li>
      <li>Woody</li>
      <li>Stony</li>
    </stuffCategories>


    <leaveResourcesWhenKilled>false</leaveResourcesWhenKilled>
    <soundImpactDefault>BulletImpactMetal</soundImpactDefault>
    <designationCategory>Furniture</designationCategory>
    <rotatable>false</rotatable>
    
    <comps>
      <li Class="CompProperties_Power">
        <compClass>CompPowerTrader</compClass>
        <basePowerConsumption>75</basePowerConsumption>
        <shortCircuitInRain>false</shortCircuitInRain>
        <soundPowerOn>PowerOnSmall</soundPowerOn>
        <soundPowerOff>PowerOffSmall</soundPowerOff>
      </li>
      <li Class="CompProperties_Flickable"/>
      <li>
        <compClass>CompQuality</compClass>
      </li>
    </comps>
    <statBases>
      <MaxHitPoints>50</MaxHitPoints>
      <WorkToMake>170</WorkToMake>
      <Flammability>1.0</Flammability>
    </statBases>
  </ThingDef>

  <!-- HRC_StandingLamp -->
  <ThingDef ParentName="IzzyssentialsLampsBase" >
    <defName>HRC_StandingLamp</defName>
    <label>standing lamp</label>
    <description>Standing lamp that lights an area.</description>
    
    <graphicData>
      <texPath>Things/Izzy_Lights/HRC_LampStanding</texPath>
      <graphicClass>Graphic_Single</graphicClass>
      <shaderType>CutoutComplex</shaderType>
      <shadowData>
        <volume>(0.3, 0.6, 0.3)</volume>
        <offset>(0,0,-0.1)</offset>
      </shadowData>
    </graphicData>
    
    <comps>
      <li Class="CompProperties_Glower">
        <glowRadius>12</glowRadius>
        <glowColor>(217,217,208,0)</glowColor>

      </li>

      <li>
        <compClass>Izzyssentials.CompGlowerColour</compClass>
      </li>
    </comps>
    <researchPrerequisites>
      <li>Electricity</li>
    </researchPrerequisites>
  </ThingDef>

    <!-- HRC_FloorLamp -->
  <ThingDef ParentName="IzzyssentialsLampsBase" >
    <defName>HRC_FloorLamp</defName>
    <label>Floor lamp</label>
    <description>A Floor lamp that lights an area.</description>
    
    <altitudeLayer>Building</altitudeLayer>
    <passability>Standable</passability>
    
    <graphicData>
      <texPath>Things/Izzy_Lights/HRC_Floor</texPath>
      <graphicClass>Graphic_Single</graphicClass>
      <shaderType>CutoutComplex</shaderType>
      <shadowData>
        <volume>(0.3, 0.6, 0.3)</volume>
        <offset>(0,0,-0.1)</offset>
      </shadowData>
    </graphicData>
    
    <comps>
      <li Class="CompProperties_Glower">
        <glowRadius>12</glowRadius>
        <glowColor>(217,217,208,0)</glowColor>

      </li>

      <li>
        <compClass>Izzyssentials.CompGlowerColour</compClass>
      </li>
    </comps>
    <researchPrerequisites>
      <li>Electricity</li>
    </researchPrerequisites>
  </ThingDef>

  <!-- HRC_CeilingLamp -->
  <ThingDef ParentName="IzzyssentialsLampsBase" >
    <defName>HRC_CeilingLamp</defName>
    <label>Ceiling lamp</label>
    <description>A ceiling lamp that lights an area.</description>
    <tickerType>Normal</tickerType>
    <altitudeLayer>Blueprint</altitudeLayer>
    <passability>Standable</passability>

    <placeWorkers>
      <li>Izzyssentials.PlaceWorker_CeilingLamp</li>
    </placeWorkers>
    
    <graphicData>
      <texPath>Things/Izzy_Lights/HRC_CeilingLight</texPath>
      <graphicClass>Graphic_Single</graphicClass>
      <shaderType>CutoutComplex</shaderType>
      <shadowData>
        <volume>(0.3, 0.6, 0.3)</volume>
        <offset>(0,0,-0.1)</offset>
      </shadowData>
    </graphicData>

    <comps>
      <li Class="CompProperties_Glower">
        <glowRadius>12</glowRadius>
        <glowColor>(217,217,208,0)</glowColor>

      </li>

      <li>
        <compClass>Izzyssentials.CompGlowerColour</compClass>
      </li>
    </comps>
    <researchPrerequisites>
      <li>Electricity</li>
    </researchPrerequisites>
  </ThingDef>

  <!--========================= Walls =============================-->

  <ThingDef ParentName="IzzyssentialsLights">

    <defName>WallLight</defName>
    <label>wall light</label>
    <description>An impassable wall with an assortment of lights. Capable of holding up a roof.</description>

    <thingClass>Izzyssentials.Building_Glow</thingClass>
    <category>Building</category>

    <graphicData>
      <texPath>Things/Izzy_Lights/WallLight</texPath>
      <graphicClass>Izzyssentials.Graphic_ColorWall</graphicClass>
      <linkType>CornerFiller</linkType>
      <shaderType>CutoutComplex</shaderType>
      <linkFlags>
        <li>Wall</li>
        <li>Rock</li>
      </linkFlags>
      <damageData>
        <cornerTL>Damage/Corner</cornerTL>
        <cornerTR>Damage/Corner</cornerTR>
        <cornerBL>Damage/Corner</cornerBL>
        <cornerBR>Damage/Corner</cornerBR>
        <edgeTop>Damage/Edge</edgeTop>
        <edgeBot>Damage/Edge</edgeBot>
        <edgeLeft>Damage/Edge</edgeLeft>
        <edgeRight>Damage/Edge</edgeRight>
      </damageData>
    </graphicData>

    <blueprintGraphicData>
      <texPath>Things/Building/Linked/Wall_Blueprint_Atlas</texPath>
    </blueprintGraphicData>


    <uiIconPath>Things/Izzy_Lights/HRC_WallLighted_Icon</uiIconPath>

    <altitudeLayer>Building</altitudeLayer>
    <passability>Impassable</passability>
    <coversFloor>true</coversFloor>
    <terrainAffordanceNeeded>Heavy</terrainAffordanceNeeded>
    <holdsRoof>true</holdsRoof>
    <statBases>
      <MaxHitPoints>350</MaxHitPoints>
      <WorkToMake>175</WorkToMake>
      <Flammability>1.0</Flammability>
    </statBases>

    <castEdgeShadows>true</castEdgeShadows>
    <blockLight>true</blockLight>
    <staticSunShadowHeight>1.0</staticSunShadowHeight>

    <costStuffCount>5</costStuffCount>
    <costList>
      <Steel>10</Steel>
    </costList>
    <stuffCategories>
      <li>Metallic</li>
      <li>Woody</li>
      <li>Stony</li>
    </stuffCategories>

    <building>
      <isInert>true</isInert>
      <canPlaceOverWall>true</canPlaceOverWall>
    </building>

    <designationCategory>Structure</designationCategory>
    <rotatable>false</rotatable>
    <selectable>true</selectable>
    <neverMultiSelect>true</neverMultiSelect>
    <placingDraggableDimensions>1</placingDraggableDimensions>

    <leaveResourcesWhenKilled>false</leaveResourcesWhenKilled>
    <fillPercent>1</fillPercent>
    <damageMultipliers>
      <li>
        <damageDef>Bomb</damageDef>
        <multiplier>3</multiplier>
      </li>
    </damageMultipliers>

    <comps>
      <li Class="CompProperties_Power">
        <compClass>CompPowerTrader</compClass>
        <transmitsPower>true</transmitsPower>
        <basePowerConsumption>75</basePowerConsumption>
        <shortCircuitInRain>false</shortCircuitInRain>
        <soundPowerOn>PowerOnSmall</soundPowerOn>
        <soundPowerOff>PowerOffSmall</soundPowerOff>
      </li>
      <li Class="CompProperties_Flickable"/>
      <li Class="CompProperties_Glower">
        <glowRadius>12</glowRadius>
        <glowColor>(217,217,208,0)</glowColor>
      </li>
      <li>
        <!--<compClass>Izzyssentials.CompGlowerColour</compClass>-->
        <compClass>Izzyssentials.CompGlowerColour</compClass>
      </li>

    </comps>
    <researchPrerequisites>
      <li>Electricity</li>
    </researchPrerequisites>
    <tickerType>Normal</tickerType>
  </ThingDef>












</Buildings>